product_id,avg_evaluation_rate,country_count
B01N5RJW49,4.699999809265137,2
B07TLYTDXF,4.699999809265137,2
B07PCXZ14V,4.633333206176758,3
B07VXVDYD4,4.099999904632568,2
B07VVPX7YL,4.099999904632568,2
B07MSN639J,4.599999904632568,1
B08GJTPS2D,4.5,1
B07SJ14XN3,4.5333333015441895,3
B07C29DXX1,4.400000095367432,1
B0825K4GTM,4.300000190734863,1
